C01,North Limited Company
C04,Limited Company Cat
C08,Limited Company Path
C010,Limited Company Warrior
C012,Limited Company Ocean
C019,Limited Company Glory
C029,Limited Company Study
C032,Hip Limited Company
C034,Caesar Limited Company
C039,Limited Company Universal
C045,Machine Limited Company
C048,Limited Company Seeker
C049,Limited Company Creative
C050,Imagination Limited Company
C051,Companion Limited Company
C052,Limited Company Artists
C060,WorryFree Limited Company
C065,Ship Financial
C071,Trust Financial
C088,Begin Fintech
C089,Future Fintech
C098,Fintecharo
C0106,C0oom Fintech
C0110,Financiopedia
C0114,A1 Financial
C0117,Intuition Economy
C0118,King Fintech
C0126,Fintechzilla
C0128,Economyegy
C0131,Economygenix
C0132,Flash Financial
C0135,Amaze Fintech
C0138,Infinite Fintech
C0139,Capital Financial
C0142,Cyber Fintech
C0150,Reform Economy
C0154,Solid Financial
C0155,Active Financial
C0158,Reflex Fintech
C0159,Unity Financial
C0163,Goal Financial
C0171,Advantage Fintech
C0173,Automate Financial
C0174,Acclaimed Financial
C0184,Profit Fintech
C0190,Balance Economy
C0197,Goal Fintech
C0201,Pivot Fintech
C0205,Contract Fintech
C0209,Accelerate Economy
C0211,Inspired Economy
C0214,Fortune Fintech
C0220,Fantastic Economy
C0225,Control Fintech
C0238,Finest Financial
C0241,Operator Fintech
C0243,Energise Economy
C0245,Merge Economy
C0247,Bolt Fintech
C0254,TRUE Financial
C0258,Impulse Economy
C0260,Global Economy
C0264,Clever Fintech
C0265,Value Financial
C0270,Allocate Fintech
C0271,Commerce Economy
C0272,Disk Financial
C0274,Drive Financial
C0277,Operation Fintech
C0282,Clear Financial
C0283,Valor Fintech
C0290,Develop Economy
C0293,Outright Economy
C0299,Core Fintech
C0317,Universal Fintech
C0322,Remarkable Fintech
C0324,Auto Economy
C0326,Keep Fintech
C0327,Dock Financial
C0332,Virtual Fintech
C0335,Conquer Economy
C0337,Benefit Economy
C0343,Info Financial
C0345,Approach Financial
C0346,Command Financial
C0351,Scope Economy
C0355,Perfect Financial
C0356,Illuminate Economy
C0357,Union Financial
C0358,Spur Financial
C0368,Haste Economy
C0369,Esteem Economy
C0375,Ascend Fintech
C0376,Focus Fintech
C0377,Alliance Financial
C0382,Advantage Economy
C0383,Express Financial
C0385,Accelerate Financial
C0387,Cool Financial
C0391,Absolute Financial
C0393,Insight Economy
C0395,Squared Economy
C0398,Alpha Fintech
C0401,Praise Economy
C0411,Credible Economy
C0415,Compare Fintech
C0416,Spire Fintech
C0421,Bot Economy
C0422,Perspective Fintech
C0423,Admin Fintech
C0426,Flash Fintech
C0427,Cyber Economy
C0435,Premier Financial
C0441,Victory Financial
C0442,Liable Financial
C0449,Spot Financial
C0454,Integrity Fintech
C0463,Port Economy
C0466,Alt Fintech
C0468,Cart Fintech
C0470,Novus Fintech
C0471,Cyper Economy
C0472,Flawless Financial
C0484,Associate Financial
C0485,Drive Fintech
C0489,Remarkable Financial
C0491,Exchange Fintech
C0495,C0one Fintech
C0496,Lift Financial
C0498,Fair Economy
C0502,Finest Fintech
C0504,Module Economy
C0506,Treasury Fintech
C0512,Boss Financial
C0514,Optimum Economy
C0515,Atlas Financial
C0516,Dash Fintech
C0518,Integral Fintech
C0519,Premier Economy
C0522,Restore Economy
C0526,Assist Fintech
C0529,Dart Financial
C0530,Ideal Financial
C0535,Edge Fintech
C0536,Boost Fintech
C0538,Clear Fintech
C0546,Epic Fintech
C0547,Chrome Financial
C0548,Overdrive Fintech
C0550,Speedy Financial
C0552,Manage Financial
C0556,Revolution Economy
C0557,Automation Fintech
C0558,Alpha Financial
C0563,Unleash Economy
C0564,Continuum Economy
C0567,Desk Fintech
C0568,Spot Fintech
C0569,Sign Financial
C0578,Level Fintech
C0580,Interactive Financial
C0588,Honest Financial
C0589,Unity Economy
C0592,Overwrite Economy
C0601,Penny Economy
C0602,Analyze Financial
C0603,Optimal Fintech
C0604,Expression Financial
C0605,Sky Fintech
C0608,City Fintech
C0610,Switch Economy
C0617,Speedy Economy
C0618,Invest Economy
C0620,Center Fintech
C0623,Deal Financial
C0629,Insight Financial
C0630,Able Fintech
C0631,Framework Fintech
C0639,Key Financial
C0641,Champion Economy
C0645,Mach Fintech
C0647,A1 Fintech
C0659,Lock Economy
C0661,Solutions Financial
C0662,Loop Financial
C0670,Point Fintech
C0679,Paramount Fintech
C0681,Fix Economy
C0688,Management Economy
C0692,Chain Financial
C0693,Acumen Fintech
C0704,City Financial
C0705,Support Fintech
C0706,Perspective Economy
C0711,Freedom Fintech
C0715,Sheer Economy
C0716,Budget Economy
C0718,Logic Economy
C0730,Praise Financial
C0731,First Financial
C0734,Victory Economy
C0735,Want Financial
C0738,Empower Economy
C0741,Get Economy
C0745,Truth Financial
C0746,Macro Economy
C0756,Connect Financial
C0757,Easy Financial
C0759,Model Economy
C0763,Ready Financial
C0768,Push Financial
C0772,Hyper Fintech
C03,Cafe Limited Company
C09,Whitewater Limited Company
C011,Asset Limited Company
C028,Cinch Limited Company
C031,Limited Company
C038,Shark Limited Company
C043,Limited Company Stores
C047,Concord Limited Company
C053,Positive Limited Company
C054,Limited Company Smarts
C056,Limited Company Points
C057,Sapient Limited Company
C059,NorthCoast Limited Company
C067,Key Economy
C068,Fintechscape
C069,Optimum Fintech
C070,Flex Financial
C072,Sure Economy
C074,Wise Financial
C076,Vend Fintech
C079,Command Fintech
C084,Advocate Financial
C087,Affairs Financial
C091,Fintechops
C094,Economypad
C097,Foster Financial
C0100,Strike Financial
C0102,Fission Economy
C0104,Economyorzo
C0119,Rapid Economy
C0124,First-Choice Fintech
C0125,Economyadil
C0127,First-Choice Financial
C0129,Advise Economy
C0130,Labs Economy
C0133,Dawn Economy
C0143,Epic Economy
C0145,Clear Economy
C0147,Economyistic
C0157,Principle Economy
C0162,Valor Economy
C0164,Accelerate Fintech
C0165,Dock Economy
C0166,Advise Financial
C0167,Capital Economy
C0176,Fuel Financial
C0178,Action Fintech
C0179,Remarkable Economy
C0189,Iconic Economy
C0191,Contract Economy
C0192,Fair Financial
C0193,Propel Economy
C0195,Kart Fintech
C0198,Super Fintech
C0200,Choice Economy
C0202,Affinity Economy
C0203,Acclaimed Economy
C0213,Network Financial
C0216,Truth Economy
C0219,Venture Financial
C0223,Commerce Financial
C0228,Affairs Fintech
C0229,Invest Financial
C0235,Astonish Economy
C0237,Sense Financial
C0239,Shop Fintech
C0244,Spot Economy
C0248,Allied Fintech
C0250,Rush Fintech
C0256,Pixel Economy
C0257,Merch Financial
C0259,Qualified Financial
C0263,Urge Economy
C0267,Legacy Economy
C0276,Recover Fintech
C0279,Thrive Fintech
C0287,Advocate Fintech
C0288,C0oom Economy
C0291,Chip Fintech
C0292,Task Financial
C0294,Integration Financial
C0295,Informed Economy
C0296,Excel Financial
C0297,Launch Fintech
C0301,Insight Fintech
C0305,Able Economy
C0310,Trust Fintech
C0312,Cookie Economy
C0321,Bound Financial
C0333,Auction Economy
C0334,Variable Economy
C0336,Merchant Financial
C0338,Beyond Fintech
C0349,Dash Economy
C0354,Optimize Economy
C0359,Controller Economy
C0364,Brisk Fintech
C0365,Transfer Financial
C0366,Instant Fintech
C0370,Sky Economy
C0371,Vanguard Economy
C0373,Kart Economy
C0374,Prevail Economy
C0379,Box Financial
C0397,Merge Financial
C0400,Advanced Financial
C0407,C0ip Economy
C0412,Algorithm Economy
C0413,Scope Financial
C0418,Lift Economy
C0419,Stable Economy
C0430,Champion Financial
C0436,Manage Economy
C0439,Launch Financial
C0448,Push Fintech
C0453,Absolute Fintech
C0457,Market Fintech
C0458,Budget Fintech
C0465,Recover Financial
C0475,Bright Financial
C0477,Fantastic Fintech
C0482,Progress Economy
C0486,Excel Economy
C0487,Binary Economy
C0493,Soft Economy
C0497,Public Financial
C0500,Reflex Financial
C0507,Pal Fintech
C0508,Check Economy
C0509,Audit Economy
C0511,Macro Financial
C0523,Borrow Economy
C0524,Invest Fintech
C0527,Assure Financial
C0537,Leverage Fintech
C0544,Stable Financial
C0551,Want Economy
C0553,Everyday Economy
C0554,Compact Financial
C0566,Chief Economy
C0572,Able Financial
C0576,Micro Fintech
C0577,Net Economy
C0586,Aid Fintech
C0591,Supreme Economy
C0594,Freeze Financial
C0595,Incubator Economy
C0598,C0ap Economy
C0600,Premium Financial
C0607,Measured Financial
C0612,Surge Financial
C0616,Project Financial
C0621,Luminous Fintech
C0624,Ace Fintech
C0636,Gain Fintech
C0638,Crafty Financial
C0640,Metric Fintech
C0642,Afford Financial
C0648,Innovate Economy
C0657,Empire Financial
C0660,Union Fintech
C0663,Wire Fintech
C0666,Optimal Financial
C0667,Catalyst Fintech
C0673,Foster Fintech
C0674,First-Choice Economy
C0677,Success Financial
C0678,Squared Financial
C0682,Express Fintech
C0683,Catalyst Economy
C0685,Energise Fintech
C0689,Dynamics Fintech
C0690,Shine Economy
C0697,Scoot Economy
C0699,Loan Fintech
C0700,Fiscal Economy
C0702,Consumer Financial
C0703,Snap Fintech
C0709,Real Financial
C0714,Drop Economy
C0723,Master Economy
C0727,Optimal Economy
C0736,Swift Economy
C0740,Good Economy
C0743,Reliable Financial
C0752,Accure Fintech
C0758,Path Economy
C0760,Ark Fintech
ID,Name
C05,Goldfish Limited Company
C06,ILove Limited Company
C013,Lasso Limited Company
C015,Maven Limited Company
C020,Bliss Limited Company
C022,Limited Company Sigma
C023,Click Limited Company
C024,Limited Company Thunder
C025,Optimization Limited Company
C027,Light Limited Company
C030,Goddess Limited Company
C033,Quantum Limited Company
C036,Pipeline Limited Company
C040,Limited Company Vision
C041,Uptown Limited Company
C042,Crescent Limited Company
C058,Syntax Limited Company
C061,Access Financial
C063,Annuity Financial
C081,Fixed Financial
C085,Economylance
C090,Public Economy
C092,Economyops
C093,Core Financial
C0101,Economyella
C0103,Economyio
C0105,Primary Economy
C0107,Prevail Financial
C0112,Revolution Fintech
C0113,Vista Economy
C0120,Financiiva
C0121,Anchor Financial
C0122,Iconic Fintech
C0123,Shop Financial
C0134,Agile Financial
C0136,Strike Economy
C0140,Sonic Financial
C0152,Merchant Fintech
C0153,Vision Fintech
C0156,Anchor Economy
C0160,Affinity Financial
C0172,Switch Financial
C0177,Namecheap
C0181,Asset Financial
C0182,Growth Fintech
C0183,Pivot Economy
C0186,Blink Financial
C0187,Aspect Financial
C0188,Brisk Financial
C0196,Labs Fintech
C0199,Honest Fintech
C0217,Logic Fintech
C0218,Hustle Financial
C0222,Mecha Economy
C0226,Barter Financial
C0227,Bolt Financial
C0230,Boost Economy
C0231,Brilliant Financial
C0232,Jam Fintech
C0234,Brilliant Fintech
C0236,Scoot Financial
C0249,Synergy Economy
C0251,Drive Economy
C0253,Deluxe Economy
C0266,Purpose Economy
C0269,Nimble Financial
C0273,Chip Financial
C0275,Bit Financial
C0278,Rely Fintech
C0280,Core Economy
C0281,Speedy Fintech
C0284,Modular Fintech
C0300,Asset Economy
C0304,Auction Financial
C0309,Expert Financial
C0311,Venture Fintech
C0313,Absolute Economy
C0315,Banking Economy
C0318,Guardian Economy
C0319,Scoot Fintech
C0320,Rush Financial
C0323,Blink Fintech
C0328,Principle Fintech
C0330,Arise Financial
C0331,Commerce Fintech
C0339,Union Economy
C0340,Launch Economy
C0342,Fly Fintech
C0344,Barter Fintech
C0348,Cornerstone Financial
C0352,Vision Economy
C0361,Capital Fintech
C0367,Sure Fintech
C0381,Byte Economy
C0384,Urge Fintech
C0389,Outright Financial
C0390,Swift Financial
C0394,Spur Fintech
C0396,Express Economy
C0402,Path Financial
C0404,Flip Financial
C0405,Deluxe Financial
C0409,Debt Economy
C0414,Enigma Fintech
C0417,Dominate Economy
C0431,Fast Fintech
C0432,Cloud Economy
C0433,Wise Economy
C0438,Approach Economy
C0440,Aid Financial
C0443,Bound Fintech
C0447,Binary Fintech
C0450,King Economy
C0451,Adjust Fintech
C0455,Air Economy
C0456,Unlimited Financial
C0474,Chrome Economy
C0478,Top Fintech
C0479,Fusion Fintech
C0480,Deal Economy
C0483,Hack Financial
C0492,Banking Financial
C0494,Expression Economy
C0499,Sell Fintech
C0503,Method Financial
C0513,Luminous Economy
C0517,Level Financial
C0520,Omega Financial
C0525,Sturdy Financial
C0533,Flawless Fintech
C0539,Flip Economy
C0540,Reboot Economy
C0541,Synthetic Economy
C0542,Urge Financial
C0543,Rank Fintech
C0549,Link Fintech
C0555,Electric Economy
C0559,Total Fintech
C0560,Iconic Financial
C0574,Venture Economy
C0581,Hyper Financial
C0587,Swift Fintech
C0590,Haste Financial
C0596,Leverage Economy
C0597,Vision Financial
C0599,Virtual Financial
C0609,Auto Fintech
C0611,Desk Economy
C0614,Flex Economy
C0615,Repay Financial
C0619,Assured Economy
C0622,Link Economy
C0625,Disk Economy
C0628,Controller Fintech
C0643,Astute Financial
C0644,Astound Fintech
C0646,Freeze Economy
C0649,Victory Fintech
C0650,Swap Economy
C0652,Reform Financial
C0654,Astonish Fintech
C0655,Fly Financial
C0664,Excite Economy
C0669,Force Economy
C0671,Catalyst Financial
C0672,Global Fintech
C0675,Treasury Economy
C0676,Gain Economy
C0680,Hack Economy
C0687,Model Financial
C0694,Savvy Economy
C0695,Data Fintech
C0698,Asset Fintech
C0701,C0one Financial
C0707,Bank Fintech
C0710,Nixon Fintech
C0713,Grand Fintech
C0717,Leader Economy
C0719,Unity Fintech
C0720,Contract Financial
C0721,Quick Fintech
C0724,Luminous Financial
C0725,Fiber Fintech
C0729,Quick Economy
C0737,Attune Fintech
C0739,Trust Economy
C0742,Progress Fintech
C0748,Ace Economy
C0753,Sage Fintech
C0761,Acute Fintech
C0765,Level Economy
C0766,Secure Fintech
C0767,Condition Fintech
C0771,Tec Financial
C00,Fisherman LTD
C02,Limited Company DB
C07,Society Limited Company
C014,Head Limited Company
C016,Continuous Limited Company
C017,Limited Company Vista
C018,Limited Company Genesis
C021,Limited Company Hop
C026,Sunshine Limited Company
C035,Limited Company Ninja
C037,Main Limited Company
C044,Fundamental Limited Company
C046,Limited Company Age
C055,Pinpoint Limited Company
C062,Prime Financial
C064,Valiant Fintech
C066,Point Economy
C073,Graphics Financial
C075,Port Fintech
C077,Ensured Economy
C078,Ark Economy
C080,Pay Economy
C082,Aware Financial
C083,Begin Economy
C086,Chain Economy
C095,Financiella
C096,Direct Financial
C099,Lock Fintech
C0108,Economyporium
C0109,Intrepid Fintech
C0111,Adept Financial
C0115,Economyvio
C0116,Aid Economy
C0137,Clever Financial
C0141,Reflex Economy
C0144,Fintechbea
C0146,Access Fintech
C0148,Elevate Financial
C0149,Atlas Fintech
C0151,Attune Financial
C0161,Overwrite Financial
C0168,Studied Economy
C0169,Nimble Fintech
C0170,Center Economy
C0175,Graphics Fintech
C0180,Infinity Economy
C0185,Guide Fintech
C0194,Overwrite Fintech
C0204,Get Fintech
C0206,Anchor Fintech
C0207,Approve Economy
C0208,Target Financial
C0210,Promote Financial
C0212,Change Economy
C0215,Macro Fintech
C0221,Dawn Fintech
C0224,Gross Economy
C0233,Mega Economy
C0240,Ready Fintech
C0242,Affiliate Fintech
C0246,GoDaddy
C0252,Acquire Financial
C0255,Smart Fintech
C0261,Tec Fintech
C0262,Fusion Financial
C0268,Agile Fintech
C0285,Valiant Financial
C0286,Turbo Economy
C0289,Advocate Economy
C0298,Ship Fintech
C0302,Infinite Economy
C0303,Strategic Fintech
C0306,Save Financial
C0307,Arise Fintech
C0308,Balance Fintech
C0314,Ideal Fintech
C0316,Secure Economy
C0325,Bond Financial
C0329,Limitless Fintech
C0341,Surface Economy
C0347,Exchange Financial
C0350,Fund Economy
C0353,Drop Financial
C0360,Trade Fintech
C0362,Fiscal Fintech
C0363,Systems Financial
C0372,Dash Financial
C0378,Exchange Economy
C0380,Intrepid Financial
C0386,Advance Economy
C0388,Marine Fintech
C0392,Point Financial
C0399,Credible Fintech
C0403,Fixed Economy
C0406,Micro Financial
C0408,Drip Economy
C0410,Boss Economy
C0420,Mill Financial
C0424,Fly Economy
C0425,Framework Economy
C0428,Bargain Fintech
C0429,Info Fintech
C0434,Ping Financial
C0437,Quick Financial
C0444,Elevate Fintech
C0445,Script Economy
C0446,Boot Financial
C0452,Assist Financial
C0459,Swap Fintech
C0460,Rapid Fintech
C0461,Omega Fintech
C0462,Beyond Economy
C0464,Giga Financial
C0467,Boost Financial
C0469,Relief Economy
C0473,Instant Economy
C0476,Allocate Economy
C0481,Flash Economy
C0488,Atlas Economy
C0490,Fusion Economy
C0501,Sturdy Fintech
C0505,Fantastic Financial
C0510,Solid Fintech
C0521,Restore Fintech
C0528,Active Fintech
C0531,Faith Fintech
C0532,Infinity Financial
C0534,Universal Economy
C0545,Line Economy
C0561,Recovery Financial
C0562,Response Financial
C0565,Leader Fintech
C0570,Astute Economy
C0571,Analyze Fintech
C0573,Nixon Economy
C0575,Impulse Financial
C0579,Astound Economy
C0582,Engine Fintech
C0583,Genuine Economy
C0584,Data Economy
C0585,Sense Economy
C0593,A1 Economy
C0606,Bright Economy
C0613,Turbo Financial
C0626,Force Financial
C0627,Access Economy
C0632,Fiber Financial
C0633,Frame Economy
C0634,Astute Fintech
C0635,Alliance Fintech
C0637,Intuition Financial
C0651,Strategic Financial
C0653,Balance Financial
C0656,Tetra Fintech
C0658,Nimble Economy
C0665,Platinum Fintech
C0668,Acute Economy
C0684,C0ip Fintech
C0686,Mortgage Financial
C0691,Budget Financial
C0696,Depend Economy
C0708,Programmatic Fintech
C0712,Proper Economy
C0722,Flip Fintech
C0726,TRUE Economy
C0728,Real Economy
C0732,Fast Economy
C0733,Dynamics Economy
C0744,Advise Fintech
C0747,Brisk Economy
C0749,Master Financial
C0750,Analyze Economy
C0751,Belief Financial
C0754,Touch Economy
C0755,Expert Economy
C0762,Boot Fintech
C0764,Loan Financial
C0769,Adjust Financial
C0770,Elevate Economy
C0773,Champion Fintech
