C032,Hip Limited Company
C034,Caesar Limited Company
C039,Limited Company Universal
C045,Machine Limited Company
C048,Limited Company Seeker
C049,Limited Company Creative
C050,Imagination Limited Company
C051,Companion Limited Company
C052,Limited Company Artists
C060,WorryFree Limited Company
C065,Ship Financial
C071,Trust Financial
C088,Begin Fintech
C089,Future Fintech
C098,Fintecharo
C0106,C0oom Fintech
C0110,Financiopedia
C0114,A1 Financial
C0117,Intuition Economy
C0118,King Fintech
C0126,Fintechzilla
C0128,Economyegy
C0131,Economygenix
C0132,Flash Financial
C0135,Amaze Fintech
C0138,Infinite Fintech
C0139,Capital Financial
C0142,Cyber Fintech
C0150,Reform Economy
C0154,Solid Financial
C0155,Active Financial
C0158,Reflex Fintech
C0159,Unity Financial
C0163,Goal Financial
C0171,Advantage Fintech
C0173,Automate Financial
C0174,Acclaimed Financial
C0184,Profit Fintech
C0190,Balance Economy
C0197,Goal Fintech
C0201,Pivot Fintech
C0441,Victory Financial
C0442,Liable Financial
C0449,Spot Financial
C0454,Integrity Fintech
C0463,Port Economy
C0466,Alt Fintech
C0468,Cart Fintech
C0470,Novus Fintech
C0471,Cyper Economy
C0472,Flawless Financial
C0484,Associate Financial
C0485,Drive Fintech
C0670,Point Fintech
C0679,Paramount Fintech
C0681,Fix Economy
C0688,Management Economy
C038,Shark Limited Company
C043,Limited Company Stores
C047,Concord Limited Company
C053,Positive Limited Company
C054,Limited Company Smarts
C056,Limited Company Points
C057,Sapient Limited Company
C059,NorthCoast Limited Company
C067,Key Economy
C068,Fintechscape
C069,Optimum Fintech
C070,Flex Financial
C072,Sure Economy
C074,Wise Financial
C076,Vend Fintech
C079,Command Fintech
C084,Advocate Financial
C087,Affairs Financial
C091,Fintechops
C094,Economypad
C097,Foster Financial
C0100,Strike Financial
C0102,Fission Economy
C0104,Economyorzo
C0119,Rapid Economy
C0124,First-Choice Fintech
C0125,Economyadil
C0127,First-Choice Financial
C0129,Advise Economy
C0130,Labs Economy
C0133,Dawn Economy
C0143,Epic Economy
C0145,Clear Economy
C0147,Economyistic
C0157,Principle Economy
C0162,Valor Economy
C0164,Accelerate Fintech
C0165,Dock Economy
C0166,Advise Financial
C0167,Capital Economy
C0176,Fuel Financial
C0178,Action Fintech
C0179,Remarkable Economy
C0189,Iconic Economy
C0191,Contract Economy
C0192,Fair Financial
C0193,Propel Economy
C0195,Kart Fintech
C0198,Super Fintech
C0200,Choice Economy
C0202,Affinity Economy
C0203,Acclaimed Economy
C0439,Launch Financial
C0448,Push Fintech
C0453,Absolute Fintech
C0457,Market Fintech
C0458,Budget Fintech
C0465,Recover Financial
C0475,Bright Financial
C0477,Fantastic Fintech
C0482,Progress Economy
C0486,Excel Economy
C0487,Binary Economy
C0666,Optimal Financial
C0667,Catalyst Fintech
C0673,Foster Fintech
C0674,First-Choice Economy
C0677,Success Financial
C0678,Squared Financial
C0682,Express Fintech
C0683,Catalyst Economy
C0685,Energise Fintech
C0689,Dynamics Fintech
C033,Quantum Limited Company
C036,Pipeline Limited Company
C040,Limited Company Vision
C041,Uptown Limited Company
C042,Crescent Limited Company
C058,Syntax Limited Company
C061,Access Financial
C063,Annuity Financial
C081,Fixed Financial
C085,Economylance
C090,Public Economy
C092,Economyops
C093,Core Financial
C0101,Economyella
C0103,Economyio
C0105,Primary Economy
C0107,Prevail Financial
C0112,Revolution Fintech
C0113,Vista Economy
C0120,Financiiva
C0121,Anchor Financial
C0122,Iconic Fintech
C0123,Shop Financial
C0134,Agile Financial
C0136,Strike Economy
C0140,Sonic Financial
C0152,Merchant Fintech
C0153,Vision Fintech
C0156,Anchor Economy
C0160,Affinity Financial
C0172,Switch Financial
C0177,Namecheap
C0181,Asset Financial
C0182,Growth Fintech
C0183,Pivot Economy
C0186,Blink Financial
C0187,Aspect Financial
C0188,Brisk Financial
C0196,Labs Fintech
C0199,Honest Fintech
C0440,Aid Financial
C0443,Bound Fintech
C0447,Binary Fintech
C0450,King Economy
C0451,Adjust Fintech
C0455,Air Economy
C0456,Unlimited Financial
C0474,Chrome Economy
C0478,Top Fintech
C0479,Fusion Fintech
C0480,Deal Economy
C0483,Hack Financial
C0669,Force Economy
C0671,Catalyst Financial
C0672,Global Fintech
C0675,Treasury Economy
C0676,Gain Economy
C0680,Hack Economy
C0687,Model Financial
C035,Limited Company Ninja
C037,Main Limited Company
C044,Fundamental Limited Company
C046,Limited Company Age
C055,Pinpoint Limited Company
C062,Prime Financial
C064,Valiant Fintech
C066,Point Economy
C073,Graphics Financial
C075,Port Fintech
C077,Ensured Economy
C078,Ark Economy
C080,Pay Economy
C082,Aware Financial
C083,Begin Economy
C086,Chain Economy
C095,Financiella
C096,Direct Financial
C099,Lock Fintech
C0108,Economyporium
C0109,Intrepid Fintech
C0111,Adept Financial
C0115,Economyvio
C0116,Aid Economy
C0137,Clever Financial
C0141,Reflex Economy
C0144,Fintechbea
C0146,Access Fintech
C0148,Elevate Financial
C0149,Atlas Fintech
C0151,Attune Financial
C0161,Overwrite Financial
C0168,Studied Economy
C0169,Nimble Fintech
C0170,Center Economy
C0175,Graphics Fintech
C0180,Infinity Economy
C0185,Guide Fintech
C0194,Overwrite Fintech
C0204,Get Fintech
C0444,Elevate Fintech
C0445,Script Economy
C0446,Boot Financial
C0452,Assist Financial
C0459,Swap Fintech
C0460,Rapid Fintech
C0461,Omega Fintech
C0462,Beyond Economy
C0464,Giga Financial
C0467,Boost Financial
C0469,Relief Economy
C0473,Instant Economy
C0476,Allocate Economy
C0481,Flash Economy
C0668,Acute Economy
C0684,C0ip Fintech
C0686,Mortgage Financial
