id,name,surname,"age"
3,Elina,Buckner,"45"
5,Cian,Townsend,"44"
19,Evalyn,Guy,"48"
21,Saba,Gunn,"65"
29,Samara,Feeney,"39"
31,Nawal,Hail,"34"
45,May,Ingram,"28"
63,Eboni,Alford,"35"
71,Mylie,Bowen,"70"
81,Anita,Guest,"47"
111,Jaya,Talbot,"69"
117,Harris,Lacey,"24"
125,Beau,Mack,"69"
131,Rita,Greenaway,"46"
139,Hettie,Sanders,"23"
141,Abbi,Beech,"28"
163,Cory,Avila,"53"
169,Lilly,Snow,"49"
173,Marlene,Lu,"45"
175,Jamie,Best,"40"
193,Belle,Avery,"48"
203,Kobi,Gilmore,"28"
241,Hebe,Maxwell,"59"
243,Amal,Sherman,"37"
247,Marilyn,Rosales,"53"
253,Isis,Palacios,"58"
269,Tomi,Stacey,"63"
281,Letitia,Corrigan,"38"
295,Corrie,Garner,"58"
297,Rudy,Ferrell,"39"
319,Safiyah,Hahn,"27"
331,Camden,Hulme,"26"
337,Anaiya,Brennan,"55"
353,Danni,Morgan,"49"
369,Amy-Louise,Mccormick,"24"
387,Teddie,Forbes,"30"
389,Sanaa,Villalobos,"21"
391,Khadeejah,Pike,"38"
399,Brogan,Wallis,"27"
421,Iram,Roy,"52"
427,Alina,Morgan,"50"
439,Emelie,Swanson,"40"
441,Montana,Cruz,"42"
451,Dilara,Drake,"67"
455,Kitty,Lowry,"23"
469,Tulisa,Vickers,"56"
471,Adriana,Yoder,"70"
475,Lavinia,Villegas,"66"
477,Aurelia,Collins,"39"
491,Pooja,Mccormick,"32"
495,Phoebe,Hunt,"38"
499,Layla,Espinoza,"36"
4,Davide,Benedetto,"29"
22,Ignacy,Lindsey,"35"
26,Konnor,Cobb,"53"
42,Jaeden,Hunter,"32"
48,Iain,Oneil,"23"
56,Chay,Gillespie,"51"
60,Dario,Pineda,"20"
82,Yassin,Bryan,"49"
88,Zohaib,Shepard,"65"
114,Amandeep,Haney,"61"
118,Abdallah,Morrison,"37"
128,Javan,Farley,"55"
132,Harold,Pittman,"68"
136,Dillon,Ward,"62"
142,Star,Mckeown,"25"
148,Mateo,Battle,"21"
158,Kean,Warner,"35"
166,Mathias,Reyna,"29"
176,Rodney,Swanson,"51"
178,Ciaron,Callahan,"61"
192,Sufyaan,Daly,"49"
194,Stanley,Rogers,"23"
204,Lex,Derrick,"40"
224,Connar,Burks,"52"
226,Ammaar,Barnett,"23"
232,Jamie,Mercer,"61"
254,Daniele,Sutton,"30"
266,Malaki,Glass,"34"
274,Mayur,Allan,"47"
276,Alan,Doyle,"28"
290,Philip,Navarro,"63"
294,Vinay,Magana,"20"
322,Leonidas,Stewart,"38"
334,Aarron,Greene,"47"
344,Alberto,Sheldon,"20"
352,Cayden,Mellor,"35"
366,Ameen,Mahoney,"24"
376,Mandeep,Singh,"56"
386,Laith,Dowling,"22"
394,Shane,Bernard,"31"
400,Zubair,Hawkins,"40"
402,Rayan,Lloyd,"51"
404,Carson,Cortez,"68"
414,Ammaar,Connelly,"52"
422,Irfan,Carroll,"39"
428,Devon,Gamble,"69"
436,Chase,Avery,"35"
438,Haseeb,Cunningham,"39"
442,Tarik,Oconnell,"24"
446,Sayed,Traynor,"39"
454,Dougie,Lester,"46"
462,Charlton,Riggs,"32"
464,Laith,Chase,"32"
474,Alec,Solis,"21"
480,Montgomery,Villegas,"65"
482,Gary,Hernandez,"51"
484,Atif,Robertson,"30"
486,Katerina,Hughes,"52"
494,Taylor,Vance,"36"
498,Maheen,Hunter,"67"
500,Kendal,Richardson,"20"
504,Stewart,Ramos,"41"
9,Alissa,Benjamin,"47"
27,Pooja,Harrison,"32"
47,Jennie,Firth,"23"
51,Davide,Verdi,"28"
53,Kaia,Mccallum,"62"
59,Sophie-Louise,Fisher,"49"
61,Evangeline,Ferrell,"33"
65,Stefanie,Bonner,"28"
69,Huma,Pearson,"59"
85,Fariha,Pennington,"54"
91,Kirandeep,Perez,"36"
97,Jody,Beasley,"63"
99,Gurpreet,Wyatt,"69"
121,Lee,Stuart,"41"
123,Sian,Jackson,"55"
129,Taylor,Paterson,"42"
133,Persephone,Begum,"64"
143,Wren,Bone,"36"
145,Petra,Galloway,"22"
153,Aayat,Murphy,"31"
155,Kara,Maldonado,"52"
157,Ruby-Mae,Hibbert,"70"
159,Millicent,Bloggs,"46"
161,Roksana,Bauer,"25"
165,Kye,Chavez,"67"
181,Dilan,Alcock,"29"
183,Nazia,Medina,"64"
189,Ailish,Sullivan,"45"
201,Sidra,Blankenship,"57"
213,Hanan,Byers,"52"
215,Lilianna,Kidd,"29"
217,Alicia,Larson,"32"
239,Manisha,Marsh,"41"
251,Amiyah,Luna,"30"
263,Sonia,Brewer,"48"
265,Nina,Ferreira,"22"
267,Melinda,Cousins,"42"
271,Karla,Dalby,"60"
273,Jena,Knowles,"69"
285,Nia,Villanueva,"66"
299,Ammara,Gregory,"29"
311,Elysia,Steadman,"37"
313,Kerry,Mcintosh,"45"
327,Ty,Vang,"21"
329,Lilly-Mae,Leon,"27"
333,Danika,Mcloughlin,"47"
343,Amalie,Carpenter,"54"
347,Caelan,Bradley,"47"
351,Katie,Childs,"43"
361,Susannah,Boyle,"60"
365,Scarlett,Cook,"22"
367,Morgan,Davison,"28"
371,Davina,Bonilla,"22"
375,Sami,Huber,"50"
377,Lilly-May,Humphrey,"38"
385,Sarah-Louise,Le,"50"
393,Harleen,Ryan,"34"
397,Trixie,Xiong,"20"
401,Marilyn,Graham,"39"
407,Frida,Shepard,"53"
409,Nazia,Whyte,"33"
411,Frances,O'Doherty,"65"
423,Alannah,Broadhurst,"39"
425,Sheldon,Edwards,"70"
453,Jaskaran,Hutton,"65"
463,Maya,Carlson,"39"
465,Summer,Forrest,"53"
489,Daisy-Mae,Hackett,"57"
493,Ana,Hayward,"39"
497,Jan,Cardenas,"54"
2,Paolo,Rossi,"48"
32,Kaylan,Dickinson,"49"
44,Enrico,Bryant,"32"
50,Zach,Bell,"33"
52,Pearl,Sharples,"29"
54,Drake,Flynn,"38"
62,Akaash,Houghton,"64"
78,Ksawery,Harvey,"64"
92,Ashton,Escobar,"40"
104,Fabien,Phelps,"26"
108,Eren,Chase,"29"
112,Sheikh,Herring,"32"
124,Brax,Cain,"52"
144,Abdul,Browne,"23"
152,Mayur,Cornish,"38"
162,Keyaan,Osborne,"45"
172,Adeeb,Franklin,"63"
186,Abdullah,Guthrie,"49"
206,Emir,Mcbride,"63"
210,Alexie,Gentry,"69"
212,Jadon,Kinney,"44"
214,Precious,Whittle,"32"
228,Mohamad,Vance,"65"
234,Maksymilian,Roth,"68"
236,Issa,Neville,"35"
246,Mason,Larsen,"39"
250,Phillip,Duncan,"53"
252,Ubaid,Peck,"37"
268,Brandon-Lee,Hoover,"54"
280,Geraint,Delgado,"45"
288,Ocean,Clayton,"54"
302,Zahid,Bloom,"70"
316,Finley,Woodley,"48"
330,Saeed,Millar,"33"
354,Atlas,Castillo,"33"
356,Ayush,Savage,"56"
384,Andreas,Clark,"61"
390,Tyler-Jay,Mill,"65"
408,Efan,Barclay,"59"
418,Shawn,Calderon,"54"
426,Codey,Cummings,"20"
430,Arnie,Mcfadden,"50"
444,Sam,Mansell,"59"
448,Jax,Stone,"62"
466,Dustin,Zhang,"45"
492,Rees,Bell,"69"
11,Yolanda,Hester,"49"
15,Nafeesa,Shaw,"52"
17,Aleksandra,Bowman,"31"
25,Armaan,Humphrey,"28"
33,Sarah-Louise,Rutledge,"67"
37,Alia,Piper,"20"
39,Aniya,Wagstaff,"46"
41,Flora,Trejo,"25"
43,Angelika,Spencer,"32"
55,Nikita,Clarke,"47"
57,Rimsha,Park,"41"
67,Izabela,Madden,"64"
83,Jodi,Field,"32"
87,Nicolle,Mcnally,"24"
93,Rebecca,Salas,"64"
95,Aden,Finley,"68"
103,Elin,Huerta,"27"
107,Viktoria,Wormald,"52"
109,Thierry,Redfern,"53"
113,Chloe,Easton,"26"
119,Libby,Connor,"39"
127,Catrin,Wilson,"25"
167,Lowri,Kirk,"33"
185,Umaima,Vazquez,"54"
187,Tasmin,Witt,"52"
195,Melanie,Guerra,"58"
197,Parris,Rivera,"48"
199,Mairead,Harris,"31"
207,Marianne,Khan,"33"
209,Jamelia,Hoover,"23"
211,Holli,Blundell,"25"
219,Jolene,Bowen,"43"
223,Aaisha,Grant,"49"
225,Lillie-May,Liu,"66"
229,Elly,Cummings,"24"
231,Lois,Rayner,"60"
233,Aliza,Lee,"25"
237,Amayah,Bautista,"32"
249,Tyrell,Abbott,"66"
255,Amritpal,Curtis,"43"
275,Ocean,Mcfadden,"33"
279,Eliot,Rahman,"54"
283,Eilish,Braun,"45"
287,Asa,George,"46"
289,Alishia,Riddle,"29"
291,Tonya,Lynch,"64"
293,Emily,Burks,"46"
307,Aida,Acosta,"65"
315,Elisha,Sims,"43"
317,Michalina,Rodrigues,"70"
325,Arissa,Cole,"45"
339,Miriam,Riley,"22"
357,Kaylie,Hardin,"57"
373,Maariya,Thompson,"51"
383,Giulia,Rose,"49"
395,Devan,Simmonds,"25"
413,Shona,Thompson,"53"
415,Khadijah,Giles,"50"
419,Shea,Kim,"56"
435,Simrah,Merrill,"69"
437,Amy-Leigh,Davey,"34"
443,Carolina,O'Reilly,"45"
449,Nafeesa,Gallagher,"70"
457,Denise,Lloyd,"55"
483,Sienna,Portillo,"34"
485,Niko,Nichols,"24"
8,Zackery,Carr,"41"
10,Carlton,Marsden,"42"
12,Presley,Baker,"40"
14,Ewan,Austin,"26"
18,Alfie-Jay,Pace,"54"
24,Riley-Jay,Bloggs,"36"
30,Hal,Macgregor,"20"
36,Tyrell,Greer,"20"
46,Siobhan,Carver,"20"
64,Darcey,Wagner,"45"
70,Casper,Bass,"64"
74,Levi,Reese,"24"
80,Louis,Gallegos,"49"
84,Syed,Mccarty,"51"
96,Harley,Navarro,"41"
98,Abby,Lowry,"31"
102,Precious,Nguyen,"55"
110,Braydon,Corona,"67"
116,Aedan,Bartlett,"51"
120,Claude,Mcdonald,"66"
126,Jai,Dickens,"51"
130,Gerrard,Maddox,"22"
134,Luther,Brooks,"60"
160,Nojus,Hall,"49"
164,Philip,Bravo,"55"
170,Percy,Spencer,"54"
184,Shah,Mays,"49"
188,Jayden,Mcgee,"40"
190,Niyah,Mcknight,"21"
200,Miley,Cross,"63"
208,Randy,Pemberton,"49"
216,Alejandro,Tate,"69"
220,Hania,Prosser,"66"
238,Eduardo,Beck,"65"
242,Theodore,Byrne,"62"
244,Christy,Allman,"64"
248,Johnnie,Hughes,"63"
256,Jody,Hobbs,"65"
264,Sol,Odom,"59"
270,Tayyib,Bentley,"65"
282,Wilson,Pearson,"50"
284,Emanuel,Pham,"63"
296,Wilfred,Lara,"30"
306,Peyton,Allison,"25"
312,Daryl,Schaefer,"56"
314,Austin,Dickens,"69"
320,Aria,Gilmore,"40"
324,Spencer,Schroeder,"41"
328,Izaac,Philip,"49"
332,Daniaal,Ritter,"58"
338,Ayden,Buckner,"52"
342,Pascal,Ashton,"54"
346,Mohamed,Obrien,"41"
350,Grant,Medina,"70"
358,Hamid,Blaese,"46"
360,Abubakr,Conner,"51"
362,Kailan,Frost,"48"
368,Abdur,Cochran,"39"
382,Murray,Yates,"43"
388,Iolo,O'Gallagher,"65"
392,Huzaifa,Sparrow,"56"
406,Marcus,Mann,"59"
410,Kiri,Tierney,"41"
424,Dante,Driscoll,"47"
452,Kaisha,Whitehead,"29"
458,Julian,Adam,"24"
460,Aarron,Salt,"20"
468,Haaris,White,"69"
488,Tim,Friedman,"46"
496,Otto,Haley,"63"
506,Benito,Carney,"57"
1,Zofia,Lake,"28"
7,Deanne,Everett,"36"
13,Casey,Vo,"50"
23,Hareem,Fuentes,"32"
35,Aleah,Bradford,"45"
49,Quinn,Pollard,"47"
73,Tye,Hollis,"28"
75,Farhana,Mcmillan,"63"
77,Alina,Bain,"21"
79,Olivia,Greaves,"24"
89,Courtney,Johns,"53"
101,Tyrell,Walmsley,"34"
105,Eleanor,Bowler,"20"
115,Chaya,Mahoney,"66"
135,Anand,Moran,"44"
137,Chelsea,Sumner,"44"
147,Havin,Conner,"27"
149,Savanna,Weir,"32"
151,Drew,Barrett,"47"
171,Vivienne,Hurley,"58"
177,Beulah,Goldsmith,"40"
179,Ashleigh,Kaufman,"26"
191,Sabina,Millington,"26"
205,Caden,Roche,"41"
221,Libbie,Casey,"47"
227,Martha,Francis,"38"
235,Evan,Spooner,"33"
245,Asha,Lees,"61"
257,Dominique,Castillo,"58"
259,Bianka,Howard,"20"
261,Jagdeep,Lowery,"63"
277,Jem,Short,"65"
301,Brandy,Cottrell,"57"
303,Julie,Macgregor,"67"
305,Charlie,Baker,"47"
309,Lennie,Chadwick,"39"
321,Amba,Dunlap,"70"
323,Arooj,Ware,"23"
335,Eilidh,Farmer,"66"
341,Sydney,Povey,"49"
345,Siya,Oneal,"43"
349,Myrtle,Harris,"27"
355,Zena,Andrew,"62"
359,Katlyn,Mcclain,"50"
363,Elen,Beil,"33"
379,Roma,Whitehouse,"31"
381,Haiden,Doherty,"40"
403,Carrie-Ann,Flowers,"20"
405,Aleah,Delarosa,"24"
417,Sara,Holding,"66"
429,Kaitlin,Feeney,"49"
431,Malikah,Pritchard,"70"
433,Sharon,Felix,"26"
445,Aisha,Greaves,"56"
447,Zarah,Baird,"67"
459,Lacie-Mae,Woods,"51"
461,Ember,Warner,"36"
467,Lily-Mai,Hahn,"35"
473,Summer-Rose,Miller,"37"
479,Marwa,Peters,"43"
481,Mylee,Gaines,"29"
487,Missy,Hancock,"57"
6,Teodoro,Baldazzi,"26"
16,Zion,Wilkins,"52"
20,Vikram,Woodard,"68"
28,Roosevelt,Carney,"37"
34,Larry,Montes,"62"
38,Antonio,Bellamy,"46"
40,Ammar,James,"25"
58,Vincent,Ellison,"48"
66,Roger,Dean,"43"
68,Keegan,Horner,"43"
72,Jarvis,Mayo,"47"
76,Teigan,Connor,"52"
86,Sayed,Barrett,"39"
90,Dewi,Malone,"36"
94,Manpreet,Molina,"29"
100,Laurence,Roth,"45"
106,Jo,Terrell,"53"
122,Grover,Dickerson,"47"
138,Arman,Avalos,"56"
140,Monty,Mansell,"41"
146,Misha,Hancock,"51"
150,Sky,Serrano,"38"
154,Kalum,Harrison,"25"
156,Nour,Griffiths,"37"
168,Sameer,Blanchard,"38"
174,Oliver,Monroe,"32"
180,Kendal,York,"46"
182,Jesse,Mellor,"37"
196,Owais,Keeling,"25"
198,Matas,Greig,"33"
202,Montague,Hobbs,"32"
218,Stefano,Mora,"30"
222,Yannis,Bright,"45"
230,Fahad,Goulding,"58"
240,Marek,Hilton,"52"
258,Callen,Hudson,"65"
260,Fred,Guthrie,"69"
262,Norman,Draper,"69"
272,Anas,Carter,"23"
278,Aditya,John,"34"
286,Roland,Shah,"62"
292,Dawood,Mccullough,"35"
298,Leroy,Braun,"34"
300,Jayson,Rigby,"31"
304,Piers,Rhodes,"44"
308,Frazer,Burrows,"43"
310,Angelo,Molloy,"61"
318,Jonah,Garner,"66"
326,Suraj,Reeve,"30"
336,Borys,Rogers,"35"
340,Laurence,Warner,"55"
348,Cyrus,Porter,"31"
364,Anis,Craig,"41"
370,Bogdan,Wilkes,"61"
372,Conah,Russell,"64"
374,Aronas,Coleman,"63"
378,Cecil,Walker,"63"
380,George,Byrd,"63"
396,Rhydian,Berg,"46"
398,Mali,O'Neill,"36"
412,Keelan,Davies,"22"
416,Cormac,Edwards,"42"
420,Violet,Jackson,"68"
432,Sullivan,Mendez,"29"
434,Rohan,Dixon,"48"
440,Steven,Merritt,"64"
450,Sachin,Thompson,"20"
456,Stanley,Haines,"20"
470,Nadeem,Read,"66"
472,Guy,Bostock,"35"
476,Riaan,Keith,"20"
478,Bradleigh,Peters,"50"
490,Raj,Fulton,"62"
502,Jordan-Lee,Shelton,"35"
