P0004,Deanne,Everett
P0005,Alissa,Benjamin
P0009,Aleksandra,Bowman
P00011,Saba,Gunn
P00014,Pooja,Harrison
P00017,Sarah-Louise,Rutledge
P00020,Aniya,Wagstaff
P00022,Angelika,Spencer
P00023,May,Ingram
P00025,Quinn,Pollard
P00031,Evangeline,Ferrell
P00035,Huma,Pearson
P00037,Tye,Hollis
P00050,Gurpreet,Wyatt
P00051,Tyrell,Walmsley
P00053,Eleanor,Bowler
P00056,Jaya,Talbot
P00061,Lee,Stuart
P00064,Catrin,Wilson
P00073,Petra,Galloway
P00075,Savanna,Weir
P00076,Drew,Barrett
P00082,Cory,Avila
P00083,Kye,Chavez
P00084,Lowri,Kirk
P00089,Beulah,Goldsmith
P00094,Tasmin,Witt
P00095,Ailish,Sullivan
P00098,Melanie,Guerra
P000105,Jamelia,Hoover
P000106,Holli,Blundell
P000108,Lilianna,Kidd
P000112,Aaisha,Grant
P000113,Lillie-May,Liu
P000119,Amayah,Bautista
P000120,Manisha,Marsh
P000121,Hebe,Maxwell
P000124,Marilyn,Rosales
P000133,Nina,Ferreira
P000135,Tomi,Stacey
P000136,Karla,Dalby
P000137,Jena,Knowles
P000145,Alishia,Riddle
P000150,Ammara,Gregory
P000153,Charlie,Baker
P000158,Elisha,Sims
P000161,Amba,Dunlap
P000162,Arooj,Ware
P000163,Arissa,Cole
P000173,Siya,Oneal
P000178,Sena,Andrew
P000182,Elen,Beil
P000192,Giulia,Rose
P000195,Sanaa,Villalobos
P000199,Trixie,Xiong
P000212,Alannah,Broadhurst
P000213,Sheldon,Edwards
P000216,Malikah,Pritchard
P000217,Sharon,Felix
P000222,Carolina,O'Reilly
P000224,Sarah,Baird
P000225,Nafeesa,Gallagher
P000227,Jaskaran,Hutton
P000231,Ember,Warner
P000232,Maya,Carlson
P000233,Summer,Forrest
P000242,Sienna,Portillo
P000243,Niko,Nichols
P000244,Missy,Hancock
P000246,Pooja,Mccormick
P000253,Davide,Benedetto
P000254,Matteo,Brandetti
P000255,Sackery,Carr
P000265,Roosevelt,Carney
P000266,Hal,Macgregor
P000267,Kaylan,Dickinson
P000268,Larry,Montes
P000279,Chay,Gillespie
P000280,Vincent,Ellison
P000287,Jarvis,Mayo
P000289,Teigan,Connor
P000301,Laurence,Roth
P000304,Jo,Terrell
P000305,Eren,Chase
P000306,Braydon,Corona
P000309,Aedan,Bartlett
P000327,Mayur,Cornish
P000333,Philip,Bravo
P000334,Mathias,Reyna
P000340,Ciaron,Callahan
P000343,Shah,Mays
P000344,Abdullah,Guthrie
P000348,Stanley,Rogers
P000354,Emir,Mcbride
P000358,Precious,Whittle
P000364,Ammaar,Barnett
P000376,Phillip,Duncan
P000378,Daniele,Sutton
P000382,Norman,Draper
P000384,Malaki,Glass
P000395,Ocean,Clayton
P000396,Philip,Navarro
P000397,Dawood,Mccullough
P000402,Sahid,Bloom
P000407,Daryl,Schaefer
P000410,Jonah,Garner
P000417,Daniaal,Ritter
P000418,Aarron,Greene
P000421,Laurence,Warner
P000425,Cyrus,Porter
P000427,Cayden,Mellor
P000430,Hamid,Blaese
P000431,Abubakr,Conner
P000433,Anis,Craig
P000434,Ameen,Mahoney
P000440,Cecil,Walker
P000441,George,Byrd
P000444,Laith,Dowling
P000449,Rhydian,Berg
P000459,Cormac,Edwards
P000462,Irfan,Carroll
P000464,Codey,Cummings
P000465,Devon,Gamble
P000466,Arnie,Mcfadden
P000472,Tarik,Oconnell
P000473,Sam,Mansell
P000476,Sachin,Thompson
P000482,Charlton,Riggs
P000483,Laith,Chase
P000484,Dustin,Shang
P000489,Riaan,Keith
P000491,Montgomery,Villegas
P000494,Katerina,Hughes
P000504,Benito,Carney
P0003,Cian,Townsend
P0008,Nafeesa,Shaw
P00016,Nawal,Hail
P00024,Jennie,Firth
P00029,Rimsha,Park
P00036,Mylie,Bowen
P00038,Farhana,Mcmillan
P00041,Anita,Guest
P00043,Fariha,Pennington
P00045,Courtney,Johns
P00052,Elin,Huerta
P00054,Viktoria,Wormald
P00058,Chaya,Mahoney
P00060,Libby,Connor
P00066,Rita,Greenaway
P00068,Anand,Moran
P00069,Chelsea,Sumner
P00070,Hettie,Sanders
P00079,Ruby-Mae,Hibbert
P00088,Jamie,Best
P00091,Dilan,Alcock
P000103,Caden,Roche
P000107,Hanan,Byers
P000109,Alicia,Larson
P000111,Libbie,Casey
P000116,Lois,Rayner
P000118,Evan,Spooner
P000128,Amritpal,Curtis
P000130,Bianka,Howard
P000134,Melinda,Cousins
P000138,Ocean,Mcfadden
P000140,Eliot,Rahman
P000141,Letitia,Corrigan
P000142,Eilish,Braun
P000144,Asa,George
P000146,Tonya,Lynch
P000148,Corrie,Garner
P000149,Rudy,Ferrell
P000157,Kerry,Mcintosh
P000160,Safiyah,Hahn
P000165,Lilly-Mae,Leon
P000169,Anaiya,Brennan
P000170,Miriam,Riley
P000171,Sydney,Povey
P000172,Amalie,Carpenter
P000174,Caelan,Bradley
P000176,Katie,Childs
P000179,Kaylie,Hardin
P000185,Amy-Louise,Mccormick
P000186,Davina,Bonilla
P000187,Maariya,Thompson
P000190,Roma,Whitehouse
P000204,Frida,Shepard
P000205,Nazia,Whyte
P000210,Shea,Kim
P000211,Iram,Roy
P000218,Simrah,Merrill
P000223,Aisha,Greaves
P000234,Lily-Mai,Hahn
P000238,Lavinia,Villegas
P000241,Mylee,Gaines
P000245,Daisy-Mae,Hackett
P000250,Layla,Espinoza
P000260,Alfie-Jay,Pace
P000262,Ignacy,Lindsey
P000269,Tyrell,Greer
P000270,Antonio,Bellamy
P000271,Ammar,James
P000277,Pearl,Sharples
P000281,Dario,Pineda
P000282,Akaash,Houghton
P000283,Darcey,Wagner
P000284,Roger,Dean
P000291,Louis,Gallegos
P000299,Harley,Navarro
P000300,Abby,Lowry
P000308,Amandeep,Haney
P000310,Abdallah,Morrison
P000314,Jai,Dickens
P000317,Harold,Pittman
P000319,Dillon,Ward
P000322,Star,Mckeown
P000325,Mateo,Battle
P000326,Sky,Serrano
P000328,Kalum,Harrison
P000330,Kean,Warner
P000337,Adeeb,Franklin
P000338,Oliver,Monroe
P000341,Kendal,York
P000350,Matas,Greig
P000351,Miley,Cross
P000357,Jadon,Kinney
P000361,Hania,Prosser
P000362,Yannis,Bright
P000366,Fahad,Goulding
P000367,Jamie,Mercer
P000372,Theodore,Byrne
P000381,Fred,Guthrie
P000386,Tayyib,Bentley
P000391,Geraint,Delgado
P000393,Emanuel,Pham
P000398,Vinay,Magana
P000404,Peyton,Allison
P000405,Frazer,Burrows
P000414,Suraj,Reeve
P000423,Alberto,Sheldon
P000424,Mohamed,Obrien
P000426,Grant,Medina
P000429,Ayush,Savage
P000432,Kailan,Frost
P000435,Abdur,Cochran
P000436,Bogdan,Wilkes
P000448,Shane,Bernard
P000450,Mali,O'Neill
P000451,Subair,Hawkins
P000454,Marcus,Mann
P000455,Efan,Barclay
P000456,Kiri,Tierney
P000463,Dante,Driscoll
P000469,Chase,Avery
P000471,Steven,Merritt
P000475,Jax,Stone
P000477,Kaisha,Whitehead
P000485,Haaris,White
P000490,Bradleigh,Peters
P000493,Atif,Robertson
P000495,Tim,Friedman
P000496,Raj,Fulton
P000498,Taylor,Vance
P000500,Maheen,Hunter
P000502,Jordan-Lee,Shelton
P0000,Davide,Benedetto
P0006,Yolanda,Hester
P0007,Casey,Vo
P00010,Evalyn,Guy
P00013,Armaan,Humphrey
P00015,Samara,Feeney
P00018,Aleah,Bradford
P00027,Kaia,Mccallum
P00028,Nikita,Clarke
P00032,Eboni,Alford
P00033,Stefanie,Bonner
P00040,Olivia,Greaves
P00042,Jodi,Field
P00046,Kirandeep,Perez
P00048,Aden,Finley
P00057,Chloe,Easton
P00059,Harris,Lacey
P00071,Abbi,Beech
P00074,Havin,Conner
P00081,Roksana,Bauer
P00085,Lilly,Snow
P00087,Marlene,Lu
P00092,Nazia,Medina
P00093,Umaima,Vazquez
P00096,Sabina,Millington
P00097,Belle,Avery
P00099,Parris,Rivera
P000102,Kobi,Gilmore
P000110,Jolene,Bowen
P000114,Martha,Francis
P000122,Amal,Sherman
P000126,Amiyah,Luna
P000129,Dominique,Castillo
P000131,Jagdeep,Lowery
P000139,Jem,Short
P000152,Julie,Macgregor
P000155,Lennie,Chadwick
P000159,Michalina,Rodrigues
P000164,Ty,Vang
P000166,Camden,Hulme
P000167,Danika,Mcloughlin
P000177,Danni,Morgan
P000183,Scarlett,Cook
P000184,Morgan,Davison
P000188,Sami,Huber
P000191,Haiden,Doherty
P000194,Teddie,Forbes
P000197,Harleen,Ryan
P000200,Brogan,Wallis
P000201,Marilyn,Graham
P000203,Aleah,Delarosa
P000208,Khadijah,Giles
P000215,Kaitlin,Feeney
P000221,Montana,Cruz
P000229,Denise,Lloyd
P000235,Tulisa,Vickers
P000237,Summer-Rose,Miller
P000240,Marwa,Peters
P000251,Paolo,Atzeni
P000252,Paolo,Nero
P000256,Carlton,Marsden
P000261,Vikram,Woodard
P000263,Riley-Jay,Bloggs
P000264,Konnor,Cobb
P000272,Jaeden,Hunter
P000274,Siobhan,Carver
P000276,Sach,Bell
P000278,Drake,Flynn
P000285,Keegan,Horner
P000288,Levi,Reese
P000292,Yassin,Bryan
P000302,Precious,Nguyen
P000307,Sheikh,Herring
P000312,Grover,Dickerson
P000315,Javan,Farley
P000318,Luther,Brooks
P000323,Abdul,Browne
P000331,Nojus,Hall
P000335,Sameer,Blanchard
P000336,Percy,Spencer
P000342,Jesse,Mellor
P000347,Sufyaan,Daly
P000349,Owais,Keeling
P000352,Montague,Hobbs
P000356,Alexie,Gentry
P000359,Alejandro,Tate
P000365,Mohamad,Vance
P000368,Maksymilian,Roth
P000370,Eduardo,Beck
P000377,Ubaid,Peck
P000380,Callen,Hudson
P000383,Sol,Odom
P000387,Anas,Carter
P000388,Mayur,Allan
P000389,Alan,Doyle
P000392,Wilson,Pearson
P000399,Wilfred,Lara
P000400,Leroy,Braun
P000401,Jayson,Rigby
P000406,Angelo,Molloy
P000408,Austin,Dickens
P000409,Finley,Woodley
P000412,Leonidas,Stewart
P000415,Izaac,Philip
P000419,Borys,Rogers
P000438,Aronas,Coleman
P000442,Murray,Yates
P000457,Keelan,Davies
P000458,Ammaar,Connelly
P000467,Sullivan,Mendez
P000470,Haseeb,Cunningham
P000474,Sayed,Traynor
P000478,Dougie,Lester
P000479,Stanley,Haines
P000486,Nadeem,Read
P000488,Alec,Solis
P000497,Rees,Bell
P000499,Otto,Haley
P000501,Kendal,Richardson
ID,Name,Surname
P0001,Sofia,Lake
P0002,Elina,Buckner
P00012,Hareem,Fuentes
P00019,Alia,Piper
P00021,Flora,Trejo
P00026,Claire,O'Moore
P00030,Sophie-Louise,Fisher
P00034,Izabela,Madden
P00039,Alina,Bain
P00044,Nicolle,Mcnally
P00047,Rebecca,Salas
P00049,Jody,Beasley
P00055,Thierry,Redfern
P00062,Sian,Jackson
P00063,Beau,Mack
P00065,Taylor,Paterson
P00067,Persephone,Begum
P00072,Wren,Bone
P00077,Aayat,Murphy
P00078,Kara,Maldonado
P00080,Millicent,Bloggs
P00086,Vivienne,Hurley
P00090,Ashleigh,Kaufman
P000100,Mairead,Harris
P000101,Sidra,Blankenship
P000104,Marianne,Khan
P000115,Elly,Cummings
P000117,Aliza,Lee
P000123,Asha,Lees
P000125,Tyrell,Abbott
P000127,Isis,Palacios
P000132,Sonia,Brewer
P000143,Nia,Villanueva
P000147,Emily,Burks
P000151,Brandy,Cottrell
P000154,Aida,Acosta
P000156,Elysia,Steadman
P000168,Eilidh,Farmer
P000175,Myrtle,Harris
P000180,Katlyn,Mcclain
P000181,Susannah,Boyle
P000189,Lilly-May,Humphrey
P000193,Sarah-Louise,Le
P000196,Khadeejah,Pike
P000198,Devan,Simmonds
P000202,Carrie-Ann,Flowers
P000206,Frances,O'Doherty
P000207,Shona,Thompson
P000209,Sara,Holding
P000214,Alina,Morgan
P000219,Amy-Leigh,Davey
P000220,Emelie,Swanson
P000226,Dilara,Drake
P000228,Kitty,Lowry
P000230,Lacie-Mae,Woods
P000236,Adriana,Yoder
P000239,Aurelia,Collins
P000247,Ana,Hayward
P000248,Phoebe,Hunt
P000249,Jan,Cardenas
P000257,Presley,Baker
P000258,Ewan,Austin
P000259,Sion,Wilkins
P000273,Enrico,Bryant
P000275,Iain,Oneil
P000286,Casper,Bass
P000290,Ksawery,Harvey
P000293,Syed,Mccarty
P000294,Sayed,Barrett
P000295,Sohaib,Shepard
P000296,Dewi,Malone
P000297,Ashton,Escobar
P000298,Manpreet,Molina
P000303,Fabien,Phelps
P000311,Claude,Mcdonald
P000313,Brax,Cain
P000316,Gerrard,Maddox
P000320,Arman,Avalos
P000321,Monty,Mansell
P000324,Misha,Hancock
P000329,Nour,Griffiths
P000332,Keyaan,Osborne
P000339,Rodney,Swanson
P000345,Jayden,Mcgee
P000346,Niyah,Mcknight
P000353,Lex,Derrick
P000355,Randy,Pemberton
P000360,Stefano,Mora
P000363,Connar,Burks
P000369,Issa,Neville
P000371,Marek,Hilton
P000373,Christy,Allman
P000374,Mason,Larsen
P000375,Johnnie,Hughes
P000379,Jody,Hobbs
P000385,Brandon-Lee,Hoover
P000390,Aditya,John
P000394,Roland,Shah
P000403,Piers,Rhodes
P000411,Aria,Gilmore
P000413,Spencer,Schroeder
P000416,Saeed,Millar
P000420,Ayden,Buckner
P000422,Pascal,Ashton
P000428,Atlas,Castillo
P000437,Conah,Russell
P000439,Mandeep,Singh
P000443,Andreas,Clark
P000445,Iolo,O'Gallagher
P000446,Tyler-Jay,Mill
P000447,Huzaifa,Sparrow
P000452,Rayan,Lloyd
P000453,Carson,Cortez
P000460,Shawn,Calderon
P000461,Violet,Jackson
P000468,Rohan,Dixon
P000480,Julian,Adam
P000481,Aarron,Salt
P000487,Guy,Bostock
P000492,Gary,Hernandez
P000503,Stewart,Ramos
